{"cameraMode":{"drawMode":0,"name":"Shaded","section":"Shading Mode"},"sceneLighting":false,"audioPlay":false,"sceneViewState":{"showFog":true,"showMaterialUpdate":false,"showSkybox":false,"showFlares":true,"showImageEffects":true,"showParticleSystems":true},"in2DMode":false,"pivot":{"x":1.1599998474121094,"y":1.279999852180481,"z":2.788133144378662},"rotation":{"x":-0.11390358954668045,"y":0.7598695755004883,"z":-0.13851620256900788,"w":-0.6248505711555481},"size":23.39278793334961,"orthographic":false}